Model,Faithfulness,Accuracy,Avg. Time (s),Tokens/s,Correct Answers,Incorrect Answers,Partial Answers,No Information
llama3.1:latest,0.658826,0.7875,8.677876010537148,5.433722033924147,12,2,1,1
qwen2.5:latest,0.6444181,0.73125,4.798040360212326,9.435472898091716,10,3,1,2
phi4-mini:latest,0.5844399,0.65,3.661523535847664,12.607308930812552,8,3,2,3
qwen2.5:1.5b,0.63310504,0.64375,2.164605066180229,16.632594814811245,9,6,1,0
llama3.2:latest,0.56829965,0.525,4.075534835457802,17.61711466033443,1,0,10,5
gemma3:1b,0.56696296,0.51875,2.4791280180215836,12.073382737178395,8,8,0,0
deepseek-r1:1.5b,0.51429844,0.46875,4.876278519630432,96.39358858464855,2,3,10,1
qwen2.5:3b,0.438056,0.4,2.5398354828357697,9.732114225115614,6,1,0,9
llama3.2:1b,0.44833228,0.0625,2.5469107776880264,23.454280318110378,1,2,0,13
